Metric,Value
Bandwidth,19.044788907699772
Cache Hit,99.97399687409231
