Metric,Value
Bandwidth,0.07362676124110737
Cache Hit,89.90657920890479
