Metric,Value
Buffer Coalescing,100.0
Cache Util,98.51028630084912
Cache BW,38.482253875352114
Cache Hit,65.33158314553663
