Metric,Value,Unit
L2 Util,96.53951928508206,Pct
Cache Hit,99.66498205048681,Pct
L2-EA Rd BW,4.450443321203069,Gb/s
L2-EA Wr BW,0.863303258452639,Gb/s
