Metric,Avg,Min,Max,Unit
IPC (Avg),0.48106867758606814,0.48106867758606814,0.48106867758606814,Instr/cycle
IPC (Issue),1.0,1.0,1.0,Instr/cycle
SALU Util,10.59940478991583,10.59940478991583,10.59940478991583,Pct
VALU Util,21.36208667544012,21.36208667544012,21.36208667544012,Pct
VALU Active Threads,64.0,64.0,64.0,Threads
MFMA Util,0.0,0.0,0.0,Pct
MFMA Instr Cycles,,,,Cycles/instr
