Metric,Value
Bandwidth,13.01732600657887
Cache Hit,99.96848721427203
