Metric,Value
Bandwidth,18.94354748551305
Cache Hit,99.97272098423304
