Metric,Mean,Min,Max,Unit
Req,776.0,776.0,776.0,Req per wave
Hits,775.7970184853906,775.7970184853906,775.7970184853906,Hits per wave
Misses - Non Duplicated,0.006678592725104353,0.006678592725104353,0.006678592725104353,Misses per wave
Misses - Duplicated,0.20500894454382826,0.20500894454382826,0.20500894454382826,Misses per wave
Cache Hit,99.97272098423304,99.97272098423304,99.97272098423304,Pct
