Metric,Value
Bandwidth,0.0750999577302627
Cache Hit,91.05545617173524
