Metric,Value
Bandwidth,0.07323536399038551
Cache Hit,88.40787119856887
