Metric,Avg,Min,Max,Unit
TD Busy,95.5357231526662,95.5357231526662,95.5357231526662,Pct
TC2TD Stall,66.61596616973873,66.61596616973873,66.61596616973873,Pct
SPI2TD Stall,0.001228391585923314,0.001228391585923314,0.001228391585923314,Pct
Coalescable Instr,513.0,513.0,513.0,Instr per wave
Load Instr,512.0,512.0,512.0,Instr per wave
Store Instr,1.0,1.0,1.0,Instr per wave
Atomic Instr,0.0,0.0,0.0,Instr per wave
