Metric,Value
Buffer Coalescing,100.0
Cache Util,98.26965318134333
Cache BW,38.27768357897483
Cache Hit,66.02515701352911
