Metric,Value
Buffer Coalescing,100.0
Cache Util,97.62196594633575
Cache BW,39.25224457368398
Cache Hit,65.74027910074422
