Metric,Mean,Min,Max,unit
Stalled on L2 Data,61.38166306338195,61.38166306338195,61.38166306338195,Pct
Stalled on L2 Req,1.5016391298515392,1.5016391298515392,1.5016391298515392,Pct
Tag RAM Stall (Read),15.324770026001763,15.324770026001763,15.324770026001763,Pct
Tag RAM Stall (Write),0.03016321619701171,0.03016321619701171,0.03016321619701171,Pct
Tag RAM Stall (Atomic),0.0,0.0,0.0,Pct
