Metric,Mean,Min,Max,Units
Req,3080.0,3080.0,3080.0, per wave
Hit Ratio,99.9897544316149,99.9897544316149,99.9897544316149,Pct
Hits,3079.6844364937388,3079.6844364937388,3079.6844364937388, per wave
Misses (Translation),0.19701848539057842,0.19701848539057842,0.19701848539057842, per wave
Misses (Permission),0.003935599284436494,0.003935599284436494,0.003935599284436494, per wave
