Metric,Value,Unit
L2 Util,95.43099642004773,Pct
Cache Hit,99.6986788965424,Pct
L2-EA Rd BW,4.529669567589997,Gb/s
L2-EA Wr BW,0.7935380085379232,Gb/s
