Metric,Value,Unit
L2 Util,96.15748219481284,Pct
Cache Hit,99.66989550896366,Pct
L2-EA Rd BW,4.426962305986696,Gb/s
L2-EA Wr BW,0.8051441241685144,Gb/s
