Metric,Avg,Min,Max,Unit
GPU Busy Cycles,560230.0,560230,560230,Cycles/kernel
CPF Busy,560230.0,560230,560230,Cycles/kernel
CPF Util,100.0,100.0,100.0,Pct
CPF Stall,0.11870124770183675,0.11870124770183675,0.11870124770183675,Cycles/kernel
L2Cache Intf Busy,1336.0,1336,1336,Cycles/kernel
L2Cache Intf Util,0.25175199413583677,0.25175199413583677,0.25175199413583677,Pct
L2Cache Intf Stall,0.0,0.0,0.0,Pct
UTCL1 Stall,208.0,208,208,Cycles/kernel
