Metric,Avg,Min,Max,Unit
Kernel Time (Nanosec),360800.0,360800,360800,Ns
Kernel Time (Cycles),560230.0,560230,560230,Cycle
Instr/wavefront,3379.0,3379.0,3379.0,Instr/wavefront
Wave Cycles,186192.6626118068,186192.6626118068,186192.6626118068,Cycles per wave
Dependency Wait Cycles,140703.0220632081,140703.0220632081,140703.0220632081,Cycles per wave
Issue Wait Cycles,26235.997614788314,26235.997614788314,26235.997614788314,Cycles per wave
Active Cycles,12484.0,12484.0,12484.0,Cycles per wave
Wavefront Occupancy,2878.0508180198676,2878.0508180198676,2878.0508180198676,Wavefronts
