{"timemory":{"SALUBusy":{"properties":{"cereal_class_version":0},"type":"SALUBusy","description":"The percentage of GPUTime scalar ALU instructions are processed. Value range: 0% (bad) to 100% (optimal).","unit_value":1,"unit_repr":"","thread_scope_only":false,"thread_count":5,"mpi_size":1,"upcxx_size":1,"process_count":1,"num_ranks":1,"concurrency":5,"ranks":[{"rank":0,"graph_size":1,"graph":[{"hash":5444044868062038413,"prefix":"|1>>> mat_mult(float*, float*, float*, unsigned long, unsigned long, unsigned long) [clone .kd]","depth":0,"entry":{"cereal_class_version":0,"laps":1,"value":11.10961429418053,"repr_data":11.10961429418053,"repr_display":11.10961429418053},"stats":{"cereal_class_version":0,"sum":11.10961429418053,"count":1,"min":11.10961429418053,"max":11.10961429418053,"sqr":123.42352976546035,"mean":11.10961429418053,"stddev":0.0},"rolling_hash":5444044868062038413}]}],"graph":[[{"cereal_class_version":0,"node":{"hash":0,"prefix":"unknown-hash=0","tid":[4086],"pid":[3527607],"depth":0,"is_dummy":false,"inclusive":{"entry":{"laps":0,"value":0.0,"repr_data":0.0,"repr_display":0.0},"stats":{"sum":0.0,"count":0,"min":0.0,"max":0.0,"sqr":0.0,"mean":0.0,"stddev":0.0}},"exclusive":{"entry":{"laps":0,"value":-11.10961429418053,"repr_data":-11.10961429418053,"repr_display":-11.10961429418053},"stats":{"sum":0.0,"count":0,"min":0.0,"max":0.0,"sqr":0.0,"mean":0.0,"stddev":0.0}}},"children":[{"node":{"hash":5444044868062038413,"prefix":"mat_mult(float*, float*, float*, unsigned long, unsigned long, unsigned long) [clone .kd]","tid":[1],"pid":[3527607],"depth":1,"is_dummy":false,"inclusive":{"entry":{"laps":1,"value":11.10961429418053,"repr_data":11.10961429418053,"repr_display":11.10961429418053},"stats":{"sum":11.10961429418053,"count":1,"min":11.10961429418053,"max":11.10961429418053,"sqr":123.42352976546035,"mean":11.10961429418053,"stddev":0.0}},"exclusive":{"entry":{"laps":1,"value":11.10961429418053,"repr_data":11.10961429418053,"repr_display":11.10961429418053},"stats":{"sum":11.10961429418053,"count":1,"min":11.10961429418053,"max":11.10961429418053,"sqr":123.42352976546035,"mean":11.10961429418053,"stddev":0.0}}},"children":[]}]}]]}}}
