{"Double precision (GPU)[0]": {"min_ms": 8.668005466461182, "std_ms": 0.05087924316501499, "L0_min": 256, "L1_min": 4, "L2_min": 1, "max_ms": 286.00690002441405, "std_ms_max": 2.9288823135942095, "L0_max": 1, "L1_max": 1, "L2_max": 1, "times_ms": [286.00690002441405, 142.64515991210936, 70.5294174194336, 35.46127166748047, 22.476274299621583, 83.05109558105468, 88.1964340209961, 95.50621185302734, 116.6412124633789, 127.28670120239258, 140.36434631347657, 69.60293197631836, 36.00583915710449, 17.46133213043213, 10.61190824508667, 38.34928894042969, 38.77946662902832, 45.47569961547852, 51.8364974975586, 57.538093185424806, 76.29422760009766, 38.77171020507812, 19.618004417419435, 8.900204372406005, 9.701657962799072, 8.833220863342286, 20.665403747558592, 23.508955001831055, 24.961620140075684, NaN, 54.706084442138675, 25.12873058319092, 10.67476291656494, 9.831542205810546, 9.295820999145509, 9.698676204681396, 11.0545578956604, 14.198091793060303, NaN, NaN, 45.41355247497559, 18.16000862121582, 12.352326965332031, 9.507676219940185, 8.855558681488038, 8.720245170593262, 8.823113346099854, NaN, NaN, NaN, 11.001412391662598, 11.399759483337402, 10.609434986114502, 9.192965412139893, 8.73157091140747, 8.885824394226074, NaN, NaN, NaN, NaN, 16.407579803466795, 12.688706016540527, 10.1663067817688, 9.14520196914673, 8.77789478302002, NaN, NaN, NaN, NaN, NaN, 13.160671806335449, 9.862431526184082, 9.251548480987548, 8.800189685821532, NaN, NaN, NaN, NaN, NaN, NaN, 12.311659717559815, 8.942111396789551, 8.668005466461182, NaN, NaN, NaN, NaN, NaN, NaN, NaN, 9.827504920959473, 10.399269676208496, NaN, NaN, NaN, NaN, NaN, NaN, NaN, NaN], "times_stdev": [2.9288823135942095, 4.1634094761922515, 1.20764698243492, 0.7163234007563066, 1.5240015865015875, 0.807908737437744, 1.5366951862798182, 1.2475865487887716, 1.3796353444488125, 2.466764090637706, 4.009092338898981, 1.5405234808096915, 1.0655186760397104, 0.10885809346320362, 0.05043910835640887, 1.790868328249439, 1.2692227925535975, 2.1233269937616845, 1.2913886829991699, 1.555235460675382, 2.178662491241176, 1.4708218166783216, 0.7900302160234227, 0.06029606543201908, 1.8513855641928798, 0.0525449910238786, 0.5771281207894304, 0.9532383224793721, 1.2716537861348869, NaN, 3.042931331766681, 0.38999253280214513, 0.38390849917147907, 1.0338240995580354, 0.11605961371450457, 0.056115765928028756, 0.1467858599758706, 0.2502136205580957, NaN, NaN, 1.396743997926468, 1.030899717109564, 1.1080779539986387, 0.08058197110731637, 0.04732643131938681, 0.026047843259137914, 0.06210896253057875, NaN, NaN, NaN, 3.2742499705000943, 4.94169873812189, 0.7159180284482255, 0.11527625658988316, 0.04410035027569554, 0.05226591731726911, NaN, NaN, NaN, NaN, 8.27811085000964, 3.8598392180731094, 1.2598834420984746, 0.16280295445358892, 0.07439231392432719, NaN, NaN, NaN, NaN, NaN, 7.558911953224847, 1.8307517888521792, 0.8360173003829706, 0.12617681319579385, NaN, NaN, NaN, NaN, NaN, NaN, 6.855726234515414, 0.367635497520555, 0.05087924316501499, NaN, NaN, NaN, NaN, NaN, NaN, NaN, 1.0755932595138804, 0.4184256833874352, NaN, NaN, NaN, NaN, NaN, NaN, NaN, NaN], "local0": [1, 2, 4, 8, 16, 32, 64, 128, 256, 512], "local1": [1, 2, 4, 8, 16, 32, 64, 128, 256, 512], "local2": [1]}, "Single precision (GPU)[0]": {"min_ms": 6.813535451889038, "std_ms": 0.12672899492362688, "L0_min": 256, "L1_min": 4, "L2_min": 1, "max_ms": 258.7024383544922, "std_ms_max": 1.7283450620222882, "L0_max": 1, "L1_max": 1, "L2_max": 1, "times_ms": [258.7024383544922, 122.59915466308594, 60.59631118774414, 32.29802703857422, 20.567005348205566, 77.21747589111328, 85.92664108276367, 89.96227340698242, 115.96746520996093, 129.28155593872071, 130.4437240600586, 59.056457901000975, 29.279986572265624, 15.617401695251464, 10.295155429840088, 34.741661834716794, 32.274549865722655, 40.45374031066895, 50.58329048156738, 55.450171279907224, 62.557431030273435, 29.053084945678712, 15.545483589172363, 8.301383972167969, 8.180189514160157, 8.381981468200683, 17.939059257507324, 20.015563774108887, 21.883358001708984, NaN, 29.75011577606201, 14.876317977905273, 7.965356302261353, 8.012345838546754, 7.722554063796997, 8.343896865844727, 10.842119216918945, 11.182310867309571, NaN, NaN, 13.999456596374511, 8.113622283935547, 8.07593822479248, 8.166014099121094, 7.880057764053345, 8.263683605194093, 8.345174980163574, NaN, NaN, NaN, 7.812016344070434, 7.675961303710937, 7.857518863677979, 7.852000331878662, 8.302602195739746, 8.2901780128479, NaN, NaN, NaN, NaN, 7.6847419261932375, 7.727018356323242, 7.6987645626068115, 7.653947639465332, 8.161365079879761, NaN, NaN, NaN, NaN, NaN, 7.6673647403717045, 7.727134418487549, 7.458214664459229, 7.226068782806396, NaN, NaN, NaN, NaN, NaN, NaN, 7.707405281066895, 7.57773790359497, 6.813535451889038, NaN, NaN, NaN, NaN, NaN, NaN, NaN, 8.424165153503418, 8.944936084747315, NaN, NaN, NaN, NaN, NaN, NaN, NaN, NaN], "times_stdev": [1.7283450620222882, 0.7714012051837011, 1.3363745490982324, 0.7977686436613569, 0.4185269186371824, 2.2869585613305494, 1.6611312529952476, 1.1533535972340263, 1.6583924097733163, 2.388237794507044, 2.1333933216511607, 2.927641848993096, 1.7338364341846246, 0.046946033241795825, 0.014343861255708735, 2.056666560460218, 0.6897493623271534, 1.177056983366772, 1.2788662997902909, 0.8696058504662513, 1.9107620082171992, 0.10399715471978123, 0.13732405037597328, 0.11506917937727525, 0.1348537611736297, 0.12259696370532502, 0.7866311346836575, 0.694000467010982, 0.1792291624297754, NaN, 1.2955762121189964, 0.19642567202776592, 0.10812029953089723, 0.12405877635896363, 0.15932599094270355, 0.03659247670535217, 0.9299039779344045, 0.17325706228891774, NaN, NaN, 0.030173667417312696, 0.02806148801108831, 0.029934469855952727, 0.04189862847690949, 0.5954756570302047, 0.05134980838477143, 0.06739247448523891, NaN, NaN, NaN, 0.03559070451156941, 0.03086579105197583, 0.019017538864806796, 0.02407322524273177, 0.3033089212525237, 0.02132071687395665, NaN, NaN, NaN, NaN, 0.038202130432605653, 0.030193892310723388, 0.03943167986435724, 0.030647717926302255, 0.12268469551847844, NaN, NaN, NaN, NaN, NaN, 0.11426605117122163, 0.39150999980616913, 0.12388627837723763, 0.11618423771673468, NaN, NaN, NaN, NaN, NaN, NaN, 0.14354822992914248, 0.17322922132663682, 0.12672899492362688, NaN, NaN, NaN, NaN, NaN, NaN, NaN, 0.08619298751666875, 0.14876561313541206, NaN, NaN, NaN, NaN, NaN, NaN, NaN, NaN], "local0": [1, 2, 4, 8, 16, 32, 64, 128, 256, 512], "local1": [1, 2, 4, 8, 16, 32, 64, 128, 256, 512], "local2": [1]}}